"created_time","message","id"
"2019-07-09T23:12:31+0000","What a great idea. She's right. It is definitely soothing. I love the cat on the box!","10159103609005329_10159104689985329"
"2019-07-09T22:49:10+0000","How did they secure the shelving to the pipes? If an earthquake/bad storm/crowded party happens, all those books will fall. Along with the shelves.","10159103609005329_10159104628940329"
"2019-07-10T00:18:16+0000","""apartment""... Except some landlords will charge you for each one of those holes. It's in my lease I'll pay $100 per hole when I leave... I'd love to build something like that, but that's a lot of damage to the walls","10159103609005329_10159104828420329"
"2019-07-09T22:46:10+0000","That‚Äôs amazing! How much did all of the equipment cost though?","10159103609005329_10159104621695329"
"2019-07-10T19:07:00+0000","This comment will be passed over by 90% of readers. Ive built these. NOT CHEAP! All the pipes and attachments add up fast. Then the wood. Those pipes come covered in grease and are a pain to clean. In the end it‚Äôs gorgeous but be prepared for a TON OF WORK. Also, lots of adjustments of threads.","10159103609005329_10159107159055329"
"2019-07-10T04:31:42+0000","Riley Buckler Molly Elmore Meagan O'Leary Kelcie Thomas guys we might have to make this one day for all of us. We‚Äôre gonna start getting up there soon üíÅüèº‚Äç‚ôÄÔ∏è","10159103609005329_10159105365485329"
"2019-07-10T19:12:11+0000","Jacyüñ§, but without all the dang books. Easy peasy.","10159103609005329_10159107169860329"
"2019-07-10T21:06:35+0000","Ashley Nowosatka you totally should do this.  I didn‚Äôt listen to the vid, but the concept is cool.  Wanna borrow some tools?","10159103609005329_10159107494680329"
"2019-07-10T07:13:16+0000","Omg a. I love this so much b. I recognized the art of starving among her books and I love that book so much","10159103609005329_10159105634710329"
"2019-07-10T06:10:09+0000","This was also pretty cool a couple of years back when you first posted it.

Running out of content much?","10159103609005329_10159105526870329"
"2019-07-10T07:12:36+0000","I want to do this for my Funko pops!!!!","10159103609005329_10159105634145329"
"2019-07-10T15:16:01+0000","Can be a huge pain in the ass to build. I have these and have built shelves and closets etc. Support it well because the pipes are heavy heavy","10159103609005329_10159106523635329"
"2019-07-09T23:01:26+0000","Nick Patton Jeannie Moffitt this could be so cool in your place! Tbh I didn‚Äôt watch it all the way so not sure if the difficulty.","10159103609005329_10159104666420329"
"2019-07-09T22:38:06+0000","I love this soooo much.","10159103609005329_10159104603260329"
"2019-07-10T12:43:32+0000","I love reading a book!","10159103609005329_10159106165995329"
"2019-07-10T11:36:33+0000","It still wasn‚Äôt enough room üòÇ","10159103609005329_10159106028275329"
"2019-07-10T04:08:39+0000","Jaclyn Brown I feel like you‚Äôd appreciate this. It‚Äôs so beautiful üòç","10159103609005329_10159105334150329"
"2019-07-10T04:17:17+0000","At least 300.00 in pipes.. minimally","10159103609005329_10159105345650329"
"2019-07-09T23:52:37+0000","Omg I love this so much","10159103609005329_10159104775465329"
"2019-07-10T07:55:28+0000","Roberto Louisa ich helfe sogar mit wenn ihr das macht!! üòç","10159103609005329_10159105694480329"
"2019-07-10T13:14:43+0000","I will have this in my forever homeüëç","10159103609005329_10159106235265329"
"2019-07-09T23:24:27+0000","these could look good in both our houses","10159103609005329_10159104715150329"
"2019-07-09T22:54:27+0000","Here you go Kate!","10159103609005329_10159104642440329"
"2019-07-09T23:32:55+0000","Julia Ceraolo you will be needing this...your library awaits you!","10159103609005329_10159104734180329"
"2019-07-10T13:39:42+0000","Diane Mahon These were the shelves I was trying to explain to you lol","10159103609005329_10159106286500329"
"2019-07-10T18:35:44+0000","McKenna Chalifoux can we have something like this one day for all my books?","10159103609005329_10159107070405329"
"2019-07-10T18:22:05+0000","Anna Fleming something for your new house in Yorkshire üòÅ","10159103609005329_10159107032510329"
"2019-07-10T08:23:10+0000","Sara Elizabeth Santana this was like....weirdly accurate to your life. üòÇ","10159103609005329_10159105731530329"
"2019-07-10T10:40:09+0000","Kimberley Howell I like this idea on the fireplace wall....","10159103609005329_10159105922705329"
"2019-07-12T04:52:46+0000","Allison Glover I NEED THIS
Charlotte Grant i feel like wed still have more books üòπ","10159103609005329_10159111600290329"
"2019-07-10T04:20:34+0000","Caroline Grandmaison si tu cherchais quoi faire dans ton nouvel appart üòÇ","10159103609005329_10159105348895329"
"2019-07-10T10:10:28+0000","Laura Ditsch OMG, soooo many books! üòçüòçüòç","10159103609005329_10159105875405329"
"2019-07-10T18:02:25+0000","","10159103609005329_10159106982390329"
"2019-07-09T23:22:04+0000","Jodi Somers Schuster these are actually pretty cute, and didn't look too difficult.","10159103609005329_10159104709730329"
"2019-07-10T15:26:48+0000","Leen for Haki lol","10159103609005329_10159106553330329"
"2019-07-10T01:00:28+0000","Blake Simpson when we buy our next house this should be a requirement","10159103609005329_10159104913900329"
"2019-07-10T19:21:39+0000","Truitt Smith I would love this for the corner we have to sheet rock.","10159103609005329_10159107192985329"
"2019-07-10T20:12:28+0000","Matt TopGun Peacock this is what I want minus the TV & paint the shelves gray!  We can do it together!!!","10159103609005329_10159107331105329"
"2019-07-10T05:07:42+0000","This is all I want in life.","10159103609005329_10159105426150329"
"2019-07-10T16:25:35+0000","Patricia Vuittonet   Thought of you and your mom. You should do this in the tiny bedroom when #2 moves to the playroom.","10159103609005329_10159106719040329"
"2019-07-10T11:12:27+0000","Conor Ryan definitely building a couple of these in our house","10159103609005329_10159105985245329"
"2019-07-10T12:32:42+0000","Haha oh for sure. I‚Äôd be so helpful üòÇ","10159103609005329_10159106141500329"
"2019-07-09T22:52:26+0000","Eagle i want a shelf that big","10159103609005329_10159104636255329"
"2019-07-10T11:23:33+0000","Mika you could do this with plants rather than books!","10159103609005329_10159106003820329"
"2019-07-11T18:33:39+0000","Paul these shelves üòç","10159103609005329_10159110187285329"
"2019-07-10T18:12:29+0000","Aled Hipgrave ! Please, please when we get our own house can we do this?! xxxx","10159103609005329_10159107010480329"
"2019-07-10T18:08:55+0000","Di I want one in my homeüòçüòç","10159103609005329_10159107002215329"
"2019-07-10T10:12:40+0000","Mark I wanna do this üòç","10159103609005329_10159105882695329"
"2019-07-09T22:44:55+0000","Chelsea Forker I feel like I may have tagged you in something similar lol but oh well ü§∑üèº‚Äç‚ôÄÔ∏è","10159103609005329_10159104619510329"
"2019-07-10T07:58:17+0000","Chris Nobbs and you think I have too many books, this is goals honestly","10159103609005329_10159105697885329"
"2019-07-10T16:19:20+0000","Ivy Lei the correct response to ""How do you treat her well"" üòÜ","10159103609005329_10159106702630329"
"2019-07-10T02:21:13+0000","Trudy Harwood I need to make this along the hallway, because there‚Äôs no way I can fit another book case in my room üòÇüòÇ","10159103609005329_10159105140545329"
"2019-07-10T18:35:44+0000","McKenna Chalifoux can we have something like this one day for all my books?","10159103609005329_10159107070395329"
"2019-07-10T08:22:07+0000","Gloria ... house goals","10159103609005329_10159105730590329"
"2019-07-11T03:25:48+0000","Marleah for our bedroom maybe","10159103609005329_10159108376125329"
"2019-07-10T11:01:57+0000","This is actually high key amazing!!!!","10159103609005329_10159105960460329"
"2019-07-10T02:44:49+0000","Isha Vaze When are we doing this?","10159103609005329_10159105187050329"
"2019-07-10T00:24:00+0000","Billy- we NEEED this!","10159103609005329_10159104838320329"
"2019-07-10T18:59:31+0000","Omy Cen this is your future","10159103609005329_10159107136870329"
"2019-07-10T09:53:11+0000","Michelle this is gonna be you","10159103609005329_10159105848305329"
"2019-07-10T05:17:55+0000","Matt Constantino this is pretty much what I want to do in our closet.","10159103609005329_10159105447980329"
"2019-07-10T06:58:04+0000","Ashley Graven you need to do this!","10159103609005329_10159105603170329"
"2019-07-10T07:47:33+0000","Danaya not a bad diy...","10159103609005329_10159105684010329"
"2019-07-09T22:58:59+0000","Nick Evans you need to make this for Alex Evans in the new house!","10159103609005329_10159104658280329"
"2019-07-09T23:06:38+0000","Juliet damn shoulda done this","10159103609005329_10159104679250329"
"2019-07-10T04:41:12+0000","Bruce Swenson an idea for the dvds","10159103609005329_10159105380410329"
"2019-07-10T14:00:47+0000","Anne Witte Grant Witte I think this might be featured in my future home üòçüòçüòç","10159103609005329_10159106335070329"
"2019-07-10T06:26:27+0000","Emily Cassar IF I CAN EVER GET AN APARTMENT THIS IS WHAT IM DOING üòÆüòÆ ft the tabby cat is the real star of this video i love itttt","10159103609005329_10159105546965329"
"2019-07-10T06:03:18+0000","Luke Napier without the tv hole","10159103609005329_10159105519325329"
"2019-07-10T21:39:07+0000","Cassie we need these.","10159103609005329_10159107583260329"
"2019-07-10T21:30:06+0000","Ryan Zeebs this is exactly what I was talking about & we can do it ourselves.","10159103609005329_10159107559885329"
"2019-07-10T06:22:16+0000","Stamatis Mikedis, ŒøŒΩŒµŒπœÅŒø!! Œ£œÑŒø ŒµœÄŒøŒºŒµŒΩŒø œÉœÄŒπœÑŒπ!","10159103609005329_10159105541880329"
"2019-07-10T17:32:53+0000","Charlotte mijn kastje valt precies wel mee :)","10159103609005329_10159106913720329"
"2019-07-10T20:52:24+0000","Ik wil dit Colin","10159103609005329_10159107458095329"
"2019-07-11T02:24:06+0000","Benj Armenta Garlan papa sa future kwarto natin please","10159103609005329_10159108265940329"
"2019-07-10T00:03:29+0000","Steve Clark this would be so cool","10159103609005329_10159104798415329"
"2019-07-10T01:02:24+0000","Courtney Salzano thought of you with your big book collection! Haha","10159103609005329_10159104924335329"
"2019-07-10T11:45:11+0000","Jake Roberts This is what I want","10159103609005329_10159106045795329"
"2019-07-09T23:49:20+0000","Tyler-Jonah kinda what I need üòÖ","10159103609005329_10159104767255329"
"2019-07-10T07:42:58+0000","David Lenaers Ik krijg hier natte dromen van","10159103609005329_10159105678875329"
"2019-07-10T00:43:38+0000","M√©l j'ai pens√© a toi","10159103609005329_10159104873905329"
"2019-07-10T03:58:46+0000","Rossy Mora para tu oficina","10159103609005329_10159105322615329"
"2019-07-09T23:15:33+0000","Elise Constant pas mal la biblioth√®que !","10159103609005329_10159104695945329"
"2019-07-09T22:51:12+0000","Can we do this? Jimmy Luepke","10159103609005329_10159104633935329"
"2019-07-10T21:13:01+0000","Mindy Swank you need this!","10159103609005329_10159107511965329"
"2019-07-10T06:18:41+0000","Annabel Lees actual goals üòç","10159103609005329_10159105537035329"
"2019-07-10T12:26:56+0000","Courtney Miller you should save this!","10159103609005329_10159106127330329"
"2019-07-10T21:16:12+0000","Sam Lutter these shelves","10159103609005329_10159107521270329"
"2019-07-09T23:25:41+0000","David Barnes lets do it","10159103609005329_10159104717835329"
"2019-07-10T07:47:30+0000","Laura Fernando Keith Waring dad will have to make one for us?","10159103609005329_10159105683975329"
"2019-07-10T14:36:17+0000","Bob Richey I want this","10159103609005329_10159106427245329"
"2019-07-10T18:28:13+0000","Jack Whalley we need these!","10159103609005329_10159107051995329"
"2019-07-09T23:33:13+0000","Kaity LeBaron HELP ME DO THIS","10159103609005329_10159104734710329"
"2019-07-09T23:09:24+0000","Rabina Khan omg I love this","10159103609005329_10159104683545329"
"2019-07-10T22:23:34+0000","Kane Wilson We could...","10159103609005329_10159107688810329"
"2019-07-10T05:46:32+0000","Kiera Paine do want","10159103609005329_10159105499465329"
"2019-07-10T10:35:55+0000","Jack Richard ‚ù§Ô∏è‚ù§Ô∏è‚ù§Ô∏è‚ù§Ô∏èüòµüòµüòµüòµüòµ","10159103609005329_10159105914245329"
"2019-07-10T17:20:23+0000","Joanna Brown the dream üòç","10159103609005329_10159106886220329"
"2019-07-10T17:55:17+0000","Lucas Zanini aff meu sonho","10159103609005329_10159106965235329"
"2019-07-10T05:38:33+0000","Michael omg üò©üòç","10159103609005329_10159105485540329"
"2019-07-10T08:01:53+0000","Abhishek C Santosh ‚ù§Ô∏è‚ù§Ô∏è‚ù§Ô∏è‚ù§Ô∏è‚ù§Ô∏è‚ù§Ô∏è‚ù§Ô∏è‚ù§Ô∏è","10159103609005329_10159105702955329"
"2019-07-10T06:34:24+0000","Arhk Soriaga ganito gusto ko","10159103609005329_10159105556110329"
"2019-07-09T22:49:17+0000","Kim Berley Bliss thought of you.","10159103609005329_10159104629135329"
"2019-07-10T07:31:42+0000","Gea Boterhoek deze wil ik!","10159103609005329_10159105663395329"
"2019-07-10T04:23:43+0000","Joshua Woodel I want one üòçüòç","10159103609005329_10159105353265329"
"2019-07-10T17:57:29+0000","Nishka Samant so cool","10159103609005329_10159106970750329"
"2019-07-10T02:40:02+0000","Alexander Yanez pretty cool!","10159103609005329_10159105178320329"
"2019-07-10T17:45:10+0000","Moacir Bonassa Neto uma ideia legal","10159103609005329_10159106943815329"
"2019-07-10T12:55:20+0000","Bryan Espinoza quiero uwu","10159103609005329_10159106196145329"
"2019-07-10T19:54:25+0000","Marlies Poulussen iets voor jou","10159103609005329_10159107276140329"
"2019-07-09T22:55:42+0000","Dylan Goals","10159103609005329_10159104646810329"
"2019-07-09T23:15:14+0000","Love this! Daniel Sherrington","10159103609005329_10159104695135329"
"2019-07-10T02:12:23+0000","Simon Kuo Âæû3:08Áúã Ê´ÉÂ≠êÂæàÁæé","10159103609005329_10159105121315329"
"2019-07-10T19:07:32+0000","Emma P'Nut Parkinson the dream","10159103609005329_10159107160090329"
"2019-07-09T23:19:30+0000","I WANT Jeff Hicks","10159103609005329_10159104703975329"
"2019-07-10T01:28:05+0000","Bryan Aguinaga I like this idea!","10159103609005329_10159104992710329"
"2019-07-10T11:27:08+0000","Rushali Desai looook","10159103609005329_10159106010440329"
"2019-07-09T23:39:29+0000","Catalina!!!!","10159103609005329_10159104748020329"
"2019-07-09T23:19:37+0000","Sam Wharehoka I need","10159103609005329_10159104704235329"
"2019-07-10T01:19:39+0000","Olivia Gehrich !!!!!!","10159103609005329_10159104972840329"
"2019-07-10T03:00:18+0000","Dominique Bilodeau chambrw d amis üôÇ","10159103609005329_10159105218665329"
"2019-07-09T23:22:50+0000","Monique Longval you need this","10159103609005329_10159104711200329"
"2019-07-09T22:43:46+0000","Stephanie Fortin ton genre hihi","10159103609005329_10159104616520329"
"2019-07-10T03:36:08+0000","Tiffany Dana damn","10159103609005329_10159105286240329"
"2019-07-09T23:57:30+0000","Patricia Coleman Catherine Neilson ü§§","10159103609005329_10159104785725329"
"2019-07-10T05:58:07+0000","Kay O'Nelli üòçüòçüòç","10159103609005329_10159105514040329"
"2019-07-10T13:27:15+0000","Liam Hamer üòçüòçüòç","10159103609005329_10159106258640329"
"2019-07-09T23:20:18+0000","Alyssa Canestro Goals!","10159103609005329_10159104705300329"
"2019-07-10T19:49:42+0000","Ryan D. Murphy goals","10159103609005329_10159107265510329"
"2019-07-10T14:47:39+0000","Giovanna Ferigato Mattiazzo olha isso pra sua cole√ß√£o","10159103609005329_10159106456605329"
"2019-07-10T16:21:45+0000","Elizabeth Bethke for your tv wall!","10159103609005329_10159106708915329"
"2019-07-10T10:09:47+0000","Brittany Leigh üòçüòçüòçüòç","10159103609005329_10159105874420329"
"2019-07-10T05:03:48+0000","I love it!!!","10159103609005329_10159105411555329"
"2019-07-09T22:43:24+0000","Bradley Wilson üòçüòçüòç","10159103609005329_10159104615520329"
"2019-07-10T00:57:29+0000","Emily Wulz Lauren Wulz","10159103609005329_10159104903125329"
"2019-07-10T02:55:25+0000","Elizabeth Williamson Linda Williamson","10159103609005329_10159105207305329"
"2019-07-10T00:14:10+0000","Mariana Terrazas","10159103609005329_10159104821875329"
"2019-07-09T23:54:59+0000","Jannetje Sparks ü§©ü§©ü§©","10159103609005329_10159104780510329"
"2019-07-10T04:33:59+0000","Ty John üòçüòçüòç","10159103609005329_10159105368430329"
"2019-07-09T22:43:18+0000","Laura-Nicole Wright üò±‚ô•Ô∏è","10159103609005329_10159104615250329"
"2019-07-10T10:10:26+0000","Liliana Michelsen de Andrade, super faz√≠vel!!!","10159103609005329_10159105875390329"
"2019-07-10T12:42:13+0000","Lindsey Hansen for your room!!","10159103609005329_10159106163285329"
"2019-07-10T17:32:53+0000","James Thomas oooooo","10159103609005329_10159106913745329"
"2019-07-12T01:02:31+0000","Phil Burghart skip to 2.30 these shelves are fab!!?? thoughts?","10159103609005329_10159111144450329"
"2019-07-10T07:30:36+0000","Cecilia Hamberg üòç","10159103609005329_10159105661080329"
"2019-07-10T21:07:45+0000","Calum Cormack do this please","10159103609005329_10159107497395329"
"2019-07-10T00:02:01+0000","Danica Layton :0","10159103609005329_10159104795555329"
"2019-07-10T02:18:34+0000","Donna Davis Tina Maree Danielle Davis","10159103609005329_10159105136780329"
"2019-07-10T03:08:39+0000","Nick Plows !","10159103609005329_10159105232215329"
"2019-07-10T05:44:17+0000","Alicia :D","10159103609005329_10159105496760329"
"2019-07-10T11:28:14+0000","Heather Wilson, Abbey Fenton üòÆüòç","10159103609005329_10159106012400329"
"2019-07-10T00:39:59+0000","Abby Thompsonüòçüòç","10159103609005329_10159104867015329"
"2019-07-10T11:14:53+0000","Liam Davies üòç","10159103609005329_10159105988255329"
"2019-07-09T22:43:14+0000","Blaine Ryan McCloughan we need this","10159103609005329_10159104615120329"
"2019-07-09T22:40:06+0000","Tim Wilkinson üòç","10159103609005329_10159104606970329"
"2019-07-10T04:22:31+0000","Steve Lewis ‚ù§Ô∏è‚ù§Ô∏è","10159103609005329_10159105351215329"
"2019-07-10T08:32:54+0000","Ian MayneüëÄ","10159103609005329_10159105740865329"
"2019-07-10T12:09:31+0000","Samantha Marcott üòç","10159103609005329_10159106096610329"
"2019-07-09T23:33:02+0000","Rachel Sawyer üòç","10159103609005329_10159104734365329"
"2019-07-10T07:27:26+0000","Hayley Revell you need","10159103609005329_10159105654000329"
"2019-07-10T10:13:44+0000","Sivert Bj√∏rner√•s!!!","10159103609005329_10159105884010329"
"2019-07-11T16:12:51+0000","James üòç","10159103609005329_10159109752905329"
"2019-07-10T00:15:53+0000","Jazmin James","10159103609005329_10159104824335329"
"2019-07-10T03:34:32+0000","Dara Smith üòçüòçüòç","10159103609005329_10159105279380329"
"2019-07-10T13:16:57+0000","@Kelly Nic An Phriar","10159103609005329_10159106239065329"
"2019-07-10T11:01:13+0000","Natalia ‚ô•Ô∏è","10159103609005329_10159105959195329"
"2019-07-10T20:06:20+0000","Agnƒó Gru≈æaitƒó ü§≠","10159103609005329_10159107313595329"
"2019-07-10T03:39:13+0000","Alex Nicole we need this","10159103609005329_10159105291050329"
"2019-07-09T22:51:08+0000","Nicole Christensen Cait Pearce","10159103609005329_10159104633795329"
"2019-07-10T09:09:24+0000","Sidsel Kjellerupüòç","10159103609005329_10159105788690329"
"2019-07-10T02:37:46+0000","Noelle Meuseüòç","10159103609005329_10159105175100329"
"2019-07-09T23:46:04+0000","Frank Spitaleri look","10159103609005329_10159104760250329"
"2019-07-09T23:03:09+0000","Renata Fioravanti","10159103609005329_10159104671370329"
"2019-07-09T23:44:34+0000","Jamie Moberg","10159103609005329_10159104756935329"
"2019-07-09T23:23:18+0000","Alejandro Chavez","10159103609005329_10159104712775329"
"2019-07-09T23:22:10+0000","Jacquelyn","10159103609005329_10159104710030329"
"2019-07-10T15:47:47+0000","Linda","10159103609005329_10159106604125329"
"2019-07-10T08:06:53+0000","Dylan Tipton","10159103609005329_10159105710905329"
"2019-07-09T23:09:08+0000","Dana van Vliet Savannah van Vliet","10159103609005329_10159104683135329"
"2019-07-10T09:55:04+0000","Prabhjot Singh LET'S DO DIS","10159103609005329_10159105851135329"
"2019-07-10T20:17:04+0000","Maya","10159103609005329_10159107347520329"
"2019-07-10T10:58:19+0000","Lowrence √Ä L'or","10159103609005329_10159105954540329"
"2019-07-10T22:30:48+0000","Aimee Robert McLear","10159103609005329_10159107705505329"
"2019-07-10T15:53:46+0000","Erin Wiley","10159103609005329_10159106618905329"
"2019-07-10T12:55:15+0000","Allison Calle Chamorro","10159103609005329_10159106195975329"
"2019-07-09T23:01:22+0000","Rachel Patrick","10159103609005329_10159104666275329"
"2019-07-10T10:29:44+0000","Leslie Whaley Basile","10159103609005329_10159105904675329"
"2019-07-10T04:22:23+0000","Jessie Heilmann you need this!","10159103609005329_10159105351100329"
"2019-07-10T03:02:42+0000","Megan Cheek Garriss","10159103609005329_10159105223540329"
"2019-07-10T15:01:34+0000","Moppa Demop","10159103609005329_10159106490945329"
"2019-07-10T11:29:49+0000","Seona MacKay","10159103609005329_10159106014750329"
"2019-07-10T12:02:11+0000","McKenna Odom","10159103609005329_10159106078540329"
"2019-07-10T16:32:56+0000","Kali Elizabeth","10159103609005329_10159106736705329"
"2019-07-09T22:45:02+0000","Billy Sole","10159103609005329_10159104619710329"
"2019-07-09T22:38:44+0000","Alyse Marie üò±","10159103609005329_10159104604165329"
"2019-07-10T04:43:01+0000","Ramon Rodriguez","10159103609005329_10159105383115329"
"2019-07-09T23:41:05+0000","Danai","10159103609005329_10159104751025329"
"2019-07-09T23:21:13+0000","Amanda Robertson","10159103609005329_10159104707670329"
"2019-07-10T11:00:46+0000","Andy Gaucher","10159103609005329_10159105958190329"
"2019-07-10T20:39:56+0000","David Villalobos","10159103609005329_10159107420825329"
"2019-07-10T01:16:04+0000","Ryan Mahoney","10159103609005329_10159104963695329"
"2019-07-10T00:17:45+0000","Sean Tangney","10159103609005329_10159104827700329"
"2019-07-09T23:31:35+0000","Beth Connor","10159103609005329_10159104731920329"
"2019-07-09T22:39:33+0000","Susan Julien","10159103609005329_10159104606115329"
"2019-07-11T14:43:00+0000","Patricio Llovet","10159103609005329_10159109470635329"
"2019-07-10T17:04:06+0000","Vicki Garrido","10159103609005329_10159106844120329"
"2019-07-09T23:45:18+0000","Dean Funk","10159103609005329_10159104758805329"
"2019-07-09T23:11:53+0000","Elizabeth Hall","10159103609005329_10159104688560329"
"2019-07-10T04:00:47+0000","David Carrothers","10159103609005329_10159105324780329"
"2019-07-10T00:36:39+0000","Derrick Maxwell!!!","10159103609005329_10159104861300329"
"2019-07-11T17:40:51+0000","Kharyl Beans","10159103609005329_10159110007725329"
"2019-07-10T11:54:47+0000","Karla Rial","10159103609005329_10159106062105329"
"2019-07-10T11:17:02+0000","Joshua Turner","10159103609005329_10159105991555329"
"2019-07-10T10:48:35+0000","Alex Wayman","10159103609005329_10159105939400329"
"2019-07-11T06:30:28+0000","Meghana Tallam","10159103609005329_10159108633720329"
"2019-07-10T08:46:22+0000","Joanne","10159103609005329_10159105758620329"
"2019-07-10T02:14:02+0000","Kimberley Attaway","10159103609005329_10159105125660329"
"2019-07-10T00:31:54+0000","Alyssa Frances","10159103609005329_10159104853540329"
"2019-07-09T23:50:54+0000","Tricia Garcia","10159103609005329_10159104772240329"
"2019-07-09T22:54:29+0000","Emily Paige Griffis","10159103609005329_10159104642475329"
"2019-07-10T09:49:19+0000","Justine Debalsüò±üò±üò±","10159103609005329_10159105843420329"
"2019-07-10T11:26:57+0000","Anuja B üëÄ","10159103609005329_10159106009970329"
"2019-07-10T08:53:42+0000","Cherilyn Wang","10159103609005329_10159105768410329"
"2019-07-10T03:20:06+0000","Madison Miller","10159103609005329_10159105250990329"
"2019-07-10T03:05:13+0000","Diane Betts","10159103609005329_10159105227260329"
"2019-07-09T22:55:29+0000","Arrin Lura","10159103609005329_10159104646300329"
"2019-07-10T04:12:07+0000","Matthew Stoltzner","10159103609005329_10159105339135329"
"2019-07-10T01:35:19+0000","Jessica Sosa","10159103609005329_10159105010360329"
"2019-07-10T09:25:24+0000","Matt Wrycraft","10159103609005329_10159105809445329"
"2019-07-10T13:03:34+0000","Teri Biondo","10159103609005329_10159106214250329"
"2019-07-10T07:32:44+0000","Adam Gomez","10159103609005329_10159105664520329"
"2019-07-10T05:57:23+0000","Stephanie","10159103609005329_10159105512615329"
"2019-07-10T03:34:27+0000","Tessa Bren","10159103609005329_10159105278385329"
"2019-07-10T00:40:05+0000","Bethany","10159103609005329_10159104867250329"
"2019-07-09T23:15:44+0000","Margie Longoria","10159103609005329_10159104696745329"
"2019-07-09T23:06:14+0000","Amber Bennett","10159103609005329_10159104678165329"
"2019-07-09T22:55:28+0000","Roshni Dutta","10159103609005329_10159104646280329"
"2019-07-11T22:34:38+0000","Lizzie Kelly","10159103609005329_10159110838980329"
"2019-07-11T01:56:56+0000","Trish Tomlins","10159103609005329_10159108207580329"
"2019-07-10T18:38:10+0000","Megan Christine","10159103609005329_10159107076540329"
"2019-07-10T13:43:12+0000","Kyle Gravel","10159103609005329_10159106293875329"
"2019-07-10T13:35:23+0000","Felicite","10159103609005329_10159106276995329"
"2019-07-10T08:56:48+0000","Dorra Bouazzi","10159103609005329_10159105772555329"
"2019-07-09T22:57:45+0000","Nicole Weir","10159103609005329_10159104655035329"
"2019-07-10T03:54:24+0000","Stephanie Gonzalez!!!!","10159103609005329_10159105317450329"
"2019-07-09T22:50:53+0000","Jessa Mae Eva Legaspi ü§´‚ò∫Ô∏è","10159103609005329_10159104633305329"
"2019-07-10T11:44:28+0000","Curtis Smith","10159103609005329_10159106044965329"
"2019-07-10T10:16:59+0000","Olga Rinas","10159103609005329_10159105887390329"
"2019-07-10T05:14:32+0000","Sarah Taviani","10159103609005329_10159105441990329"
"2019-07-10T04:46:56+0000","Aakash Rana","10159103609005329_10159105389045329"
"2019-07-10T04:23:18+0000","Shlomit Solomon","10159103609005329_10159105352245329"
"2019-07-10T02:29:21+0000","Nykeia Jones","10159103609005329_10159105157350329"
"2019-07-10T00:08:39+0000","Reema Panjwani","10159103609005329_10159104809005329"
"2019-07-09T23:41:04+0000","Giovani Martins","10159103609005329_10159104750955329"
"2019-07-10T14:47:44+0000","Paula Lemos Vila√ßa vamo","10159103609005329_10159106456890329"
"2019-07-10T07:19:21+0000","Angie Fox ü¶ä","10159103609005329_10159105643070329"
"2019-07-10T06:41:53+0000","Samantha Else ü§ìüòç","10159103609005329_10159105570030329"
"2019-07-09T22:52:51+0000","Alice Raign üëå","10159103609005329_10159104636840329"
"2019-07-10T01:38:55+0000","Anna Campagna üòç","10159103609005329_10159105019430329"
"2019-07-10T22:03:07+0000","Brandi Foskey-Cline ‚ù§Ô∏è","10159103609005329_10159107635050329"
"2019-07-10T15:18:16+0000","Samantha this is so pretty I just needed to share it with you.","10159103609005329_10159106531800329"
"2019-07-10T20:28:41+0000","Ariela Aharon üòç","10159103609005329_10159107382155329"
"2019-07-09T22:41:43+0000","Peter Casimir Berwyn üòçüòç","10159103609005329_10159104612625329"
"2019-07-10T15:36:30+0000","Fred Vincent üòç","10159103609005329_10159106577300329"
"2019-07-10T00:00:52+0000","Kirstin Alexander üòç","10159103609005329_10159104791035329"
"2019-07-10T15:47:55+0000","Alex Nieves I want something like this...","10159103609005329_10159106604475329"
"2019-07-10T11:27:16+0000","Elizabeth Payne üòç","10159103609005329_10159106010850329"
"2019-07-10T12:47:55+0000","Tori Benitez I can see you having this","10159103609005329_10159106177520329"
"2019-07-10T00:33:57+0000","Alicia Raven Crosby I could see you having these üôÇ","10159103609005329_10159104856290329"
"2019-07-09T23:01:20+0000","Evan Werntz","10159103609005329_10159104666205329"
"2019-07-10T07:19:50+0000","That's cool","10159103609005329_10159105643705329"
"2019-07-09T22:47:50+0000","Thomas Levesque üòã","10159103609005329_10159104626815329"
"2019-07-10T11:45:16+0000","Lucy Shielsüòç","10159103609005329_10159106045915329"
"2019-07-10T15:28:30+0000","Antara I want this in our future apartment","10159103609005329_10159106556565329"
"2019-07-09T23:06:56+0000","Ryan Chabot this is so beautiful","10159103609005329_10159104679750329"
"2019-07-09T23:14:33+0000","I want to make this Alexx Shum","10159103609005329_10159104694005329"
"2019-07-10T14:31:45+0000","Gina Stephens you‚Äôre helping me do this when we move!","10159103609005329_10159106413870329"
"2019-07-10T00:15:41+0000","When I buy a house I‚Äôm doing this üòÇ Hana Najifar","10159103609005329_10159104824000329"
"2019-07-10T21:31:13+0000","Andy Stovold are we going to need this...?","10159103609005329_10159107563480329"
"2019-07-10T15:29:55+0000","Laura - this is the next project","10159103609005329_10159106561575329"
"2019-07-09T23:08:08+0000","This is going to be your apartment Anais","10159103609005329_10159104681655329"
"2019-07-09T22:51:08+0000","Joe Rigano","10159103609005329_10159104633815329"
"2019-07-09T23:18:08+0000","Taylor Hughes","10159103609005329_10159104701270329"
"2019-07-09T22:41:35+0000","Barry Stanford this made me think of you.","10159103609005329_10159104612130329"
"2019-07-10T09:35:03+0000","Nick Browder","10159103609005329_10159105821895329"
"2019-07-10T01:14:19+0000","Betty Garcia OMG tell pa I need this!!!!","10159103609005329_10159104952435329"
"2019-07-10T02:31:12+0000","Karylle Gabrielle Ilao","10159103609005329_10159105162760329"
"2019-07-10T08:08:24+0000","Sam Owen Hannah Grace Jane Perks","10159103609005329_10159105712935329"
"2019-07-10T08:03:54+0000","Trudie you need something like this.","10159103609005329_10159105705310329"
"2019-07-10T03:32:47+0000","Marcy","10159103609005329_10159105272350329"
"2019-07-10T08:55:22+0000","Gillian Armstrong","10159103609005329_10159105770995329"
"2019-07-10T06:15:14+0000","Anthony Benkovich we are going to do this in our future home","10159103609005329_10159105533550329"
"2019-07-10T14:07:07+0000","Dennis Jackson this is what i want but not in the living room","10159103609005329_10159106353740329"
"2019-07-10T08:47:27+0000","Jo Sto this is what i would like to end up with in lifeüôåüèºüôåüèºüôåüèº","10159103609005329_10159105759865329"
"2019-07-10T06:32:24+0000","Maria Pineda","10159103609005329_10159105553070329"
"2019-07-10T22:57:49+0000","Emma-Lee I found Gus a project for you when you get a house!","10159103609005329_10159107769115329"
"2019-07-10T02:31:16+0000","John de Leeuw this is what dreams are made of","10159103609005329_10159105163195329"
"2019-07-09T23:02:39+0000","Hope Flowers","10159103609005329_10159104670140329"
"2019-07-10T09:29:28+0000","Charlotte Rose
Do we have that many ?","10159103609005329_10159105814310329"
"2019-07-10T22:25:16+0000","Joy Vinnicombe","10159103609005329_10159107692295329"
"2019-07-09T23:25:38+0000","Alice Milson give this a crack!","10159103609005329_10159104717690329"
"2019-07-10T03:31:10+0000","Caitlin Gielau","10159103609005329_10159105269895329"
"2019-07-11T21:30:27+0000","Sahib Singh - these type of shelvessss","10159103609005329_10159110674680329"
"2019-07-10T19:43:22+0000","Danny Murphy","10159103609005329_10159107249585329"
"2019-07-10T06:42:15+0000","Tom Beal","10159103609005329_10159105570505329"
"2019-07-10T03:53:36+0000","Emma Kate Sticpewich Sarah Louise","10159103609005329_10159105316665329"
"2019-07-10T03:15:24+0000","Paul BeauParlant","10159103609005329_10159105243460329"
"2019-07-09T22:35:33+0000","Jess Wood","10159103609005329_10159104598200329"
"2019-07-09T23:22:40+0000","Jess Edwards Still need a bookshelf?","10159103609005329_10159104710660329"
"2019-07-10T05:48:02+0000","Stella Louise Naour","10159103609005329_10159105500805329"
"2019-07-10T04:37:27+0000","Terry Ackley","10159103609005329_10159105373205329"
"2019-07-10T02:52:08+0000","Lucas Pace this is what I would love","10159103609005329_10159105201030329"
"2019-07-10T06:10:23+0000","Kriistiin Lee Alexander-Stevens üòç","10159103609005329_10159105527075329"
"2019-07-09T22:51:58+0000","Leo Marrufo","10159103609005329_10159104635505329"
"2019-07-10T16:53:57+0000","Arline this is what I had in mind, except for the pipes","10159103609005329_10159106815495329"
"2019-07-10T15:49:02+0000","Melissa oh look, I found your future layout lol","10159103609005329_10159106608480329"
"2019-07-10T09:12:11+0000","I need this","10159103609005329_10159105791100329"
"2019-07-10T05:22:33+0000","Scott Baker","10159103609005329_10159105456060329"
"2019-07-09T22:55:19+0000","Ashley Herbert","10159103609005329_10159104645830329"
"2019-07-10T09:57:15+0000","Phillip Warren","10159103609005329_10159105853945329"
"2019-07-10T03:53:51+0000","Denise Sharon Gamache","10159103609005329_10159105316850329"
"2019-07-10T10:55:48+0000","Ana ƒÜosiƒá","10159103609005329_10159105950010329"
"2019-07-10T07:00:49+0000","Alicia Opolentisima Mateo","10159103609005329_10159105608100329"
"2019-07-10T03:10:20+0000","Josh Styles","10159103609005329_10159105235315329"
"2019-07-10T14:30:57+0000","Ian De Guzman","10159103609005329_10159106410910329"
"2019-07-10T20:43:05+0000","Candice Marie Lane Maggie Wahlen üòç","10159103609005329_10159107431220329"
"2019-07-09T23:55:27+0000","Joshua Hall","10159103609005329_10159104781310329"
"2019-07-09T22:54:07+0000","Martha Hernandez","10159103609005329_10159104641960329"
"2019-07-10T21:26:35+0000","Courtney Bree Hunt feel like building something?","10159103609005329_10159107550275329"
"2019-07-10T05:30:50+0000","Aimee Williams","10159103609005329_10159105471955329"
"2019-07-11T05:06:00+0000","Mic Stavar should build something like this in the study!!","10159103609005329_10159108523035329"
"2019-07-10T14:58:31+0000","Ankita Singh do this or similar","10159103609005329_10159106481545329"
"2019-07-09T23:23:40+0000","17th of next month make it up to one year since I get back wife when she left me for another man i cried because I so much love my wife and cherish her and I don't want to loose her. on the 10th of February when my wife left me, i was thinking i will be the only one to spend the valentine day, i never knew that Dr ogunde is going to bring her back to me when I contacted him for help, Dr ogunde brought joy, happiness and peace into my life and family, 17th of next month will make it one year that she came back to me, we have never had issues in our home, if you want to start enjoying what am enjoying.
   If you want to work promotion 
If you want to win elections/court cases 
 Get your green card/citizenship without any delay.
prophetogunde@gmai|.comMessage him now for your quick result
WHATAPPS +1 910 518 0828","10159103609005329_10159104713605329"
"2019-07-10T18:51:19+0000","Jada Fields Jerry Fields","10159103609005329_10159107109220329"
"2019-07-10T16:49:15+0000","Aashruti K.C you should do sth like this","10159103609005329_10159106803120329"
"2019-07-10T11:46:14+0000","Kerrianne Wallace","10159103609005329_10159106047675329"
"2019-07-10T06:51:23+0000","Alannah Brumhead","10159103609005329_10159105590225329"
"2019-07-09T22:49:25+0000","Lorena Balc√°zar Rodr√≠guez","10159103609005329_10159104629420329"
"2019-07-10T00:50:26+0000","Jaci Roehrs","10159103609005329_10159104890235329"
"2019-07-10T00:39:58+0000","Ryan Herring","10159103609005329_10159104867005329"
"2019-07-10T14:19:03+0000","Scott Scambler, for when we buy a place.","10159103609005329_10159106382150329"
"2019-07-10T13:48:47+0000","Roslynne Shanel","10159103609005329_10159106304040329"
"2019-07-10T08:43:54+0000","Courtney Robshaw","10159103609005329_10159105755970329"
"2019-07-10T07:43:08+0000","Kellie Jones","10159103609005329_10159105679035329"
"2019-07-09T23:42:10+0000","Sean","10159103609005329_10159104753210329"
"2019-07-10T17:49:00+0000","Kari","10159103609005329_10159106951050329"
"2019-07-10T11:37:13+0000","Jessica Mahalic","10159103609005329_10159106029520329"
"2019-07-10T22:07:17+0000","Brendan McAllister","10159103609005329_10159107649145329"
"2019-07-10T03:53:53+0000","Erica Erdmann","10159103609005329_10159105316855329"
"2019-07-10T03:01:53+0000","Eric Martin","10159103609005329_10159105221355329"
"2019-07-10T02:49:15+0000","Jake Thoemke","10159103609005329_10159105196410329"
"2019-07-09T22:35:12+0000","Jennifer Marie Rose","10159103609005329_10159104597640329"
"2019-07-09T23:02:28+0000","Taylor you‚Äôre gonna have to resort to this at some point","10159103609005329_10159104669685329"
"2019-07-10T14:58:51+0000","Circe","10159103609005329_10159106483985329"
"2019-07-10T09:33:23+0000","Jake Kanerva","10159103609005329_10159105820110329"
"2019-07-10T05:39:22+0000","Mansib Ahmad","10159103609005329_10159105491530329"
"2019-07-10T03:02:25+0000","Kate Charlton","10159103609005329_10159105223070329"
"2019-07-09T23:10:52+0000","Reagan Spencer Irvin","10159103609005329_10159104686265329"
"2019-07-09T22:42:32+0000","Ellen May weekend project in my new house???","10159103609005329_10159104614005329"
"2019-07-10T07:39:52+0000","Caitlin Morrison","10159103609005329_10159105675525329"
"2019-07-09T23:15:58+0000","Sarah Bormann","10159103609005329_10159104697480329"
"2019-07-09T22:44:39+0000","Terese Faulkner","10159103609005329_10159104618965329"
"2019-07-10T18:15:50+0000","Kunal Anand Karan Anand","10159103609005329_10159107018160329"
"2019-07-09T22:53:23+0000","Mel Manda GOALS for the back wall oh my living area!!","10159103609005329_10159104639935329"
"2019-07-10T02:42:36+0000","Alicia Huntley gotta keep this idea in your back pocket!","10159103609005329_10159105182560329"
"2019-07-10T14:50:58+0000","Kali Holmes","10159103609005329_10159106464005329"
"2019-07-10T14:33:24+0000","Fabricio","10159103609005329_10159106420140329"
"2019-07-10T22:12:14+0000","Rachael Murray","10159103609005329_10159107661220329"
"2019-07-10T07:10:41+0000","Erin Bradley","10159103609005329_10159105631460329"
"2019-07-10T03:30:07+0000","Maria Leifheit","10159103609005329_10159105267660329"
"2019-07-10T03:29:02+0000","Dasuni Sirisooriya","10159103609005329_10159105266190329"
"2019-07-10T03:26:28+0000","Emily Bowles","10159103609005329_10159105261470329"
"2019-07-09T23:49:02+0000","Sue Potton","10159103609005329_10159104766755329"
"2019-07-09T23:36:40+0000","Katie Saphner","10159103609005329_10159104741765329"
"2019-07-12T07:28:07+0000","Gemma Maguire","10159103609005329_10159111812660329"
"2019-07-10T08:15:16+0000","Sophia Domingo","10159103609005329_10159105722975329"
"2019-07-10T00:21:34+0000","Kevin Sand","10159103609005329_10159104833745329"
"2019-07-10T23:54:53+0000","Heidi Rausch","10159103609005329_10159107892785329"
"2019-07-10T18:14:07+0000","Taryn McDonald","10159103609005329_10159107014540329"
"2019-07-10T16:56:07+0000","Ryan Klipsch","10159103609005329_10159106823245329"
"2019-07-10T16:34:54+0000","Bria","10159103609005329_10159106742195329"
"2019-07-10T12:37:02+0000","Kaitlyn Elizabeth","10159103609005329_10159106152090329"
"2019-07-10T08:12:15+0000","Kaitlynn Fix","10159103609005329_10159105717855329"
"2019-07-09T23:14:49+0000","Kevin Putala we need to do this when we move in!!","10159103609005329_10159104694230329"
"2019-07-11T07:30:21+0000","Bente van Berkel","10159103609005329_10159108707710329"
"2019-07-10T16:44:35+0000","Libby Baldwin","10159103609005329_10159106781655329"
"2019-07-10T15:20:35+0000","Allison Leigh Cunningham Shirley","10159103609005329_10159106537285329"
"2019-07-10T05:03:01+0000","Shirley Hwang","10159103609005329_10159105410770329"
"2019-07-10T03:49:42+0000","Louise Bleach","10159103609005329_10159105309065329"
"2019-07-10T00:25:05+0000","Joggy Bear","10159103609005329_10159104841185329"
"2019-07-10T00:14:15+0000","Steve Chippindall","10159103609005329_10159104821965329"
"2019-07-09T23:51:43+0000","Michelle Ann","10159103609005329_10159104774005329"
"2019-07-09T22:59:43+0000","Pam Matey","10159103609005329_10159104660785329"
"2019-07-09T22:59:41+0000","Pam Matey","10159103609005329_10159104660705329"
"2019-07-09T22:59:23+0000","Juan Manuel Cotte","10159103609005329_10159104659525329"
"2019-07-09T22:37:10+0000","Charles-antoine Fortin","10159103609005329_10159104601710329"
"2019-07-09T22:35:09+0000","Christine Kolles Garno","10159103609005329_10159104597560329"
"2019-07-10T20:37:29+0000","Chris Ramirez i want something like this","10159103609005329_10159107406425329"
"2019-07-11T02:26:53+0000","Bruce John","10159103609005329_10159108270780329"
"2019-07-10T16:52:35+0000","Corey Latocki","10159103609005329_10159106812725329"
"2019-07-10T12:36:10+0000","Helen Clarkson","10159103609005329_10159106149835329"
"2019-07-10T04:23:48+0000","Chris Flores","10159103609005329_10159105353830329"
"2019-07-10T03:21:11+0000","Harleigh Chilvers","10159103609005329_10159105252835329"
"2019-07-10T01:39:59+0000","Kicko Martinez","10159103609005329_10159105021835329"
"2019-07-10T01:03:50+0000","Marianne Boucher","10159103609005329_10159104928870329"
"2019-07-10T08:31:35+0000","Amy Pridday I wish this didn‚Äôt require drilling into the wall","10159103609005329_10159105739360329"
"2019-07-12T08:47:40+0000","Connor K Millar","10159103609005329_10159111909690329"
"2019-07-10T23:15:53+0000","Josh Embleton","10159103609005329_10159107810615329"
"2019-07-10T22:47:44+0000","Jhovani Silva","10159103609005329_10159107744090329"
"2019-07-10T17:27:52+0000","Caytie Rotvik","10159103609005329_10159106902870329"
"2019-07-10T07:10:44+0000","Darren Godfrey","10159103609005329_10159105631880329"
"2019-07-10T06:45:23+0000","Filton Dennis","10159103609005329_10159105576490329"
"2019-07-10T06:39:04+0000","Tara van Beurden","10159103609005329_10159105566395329"
"2019-07-10T05:16:11+0000","Courtney Pellegrino","10159103609005329_10159105444690329"
"2019-07-10T02:54:04+0000","Chris Kelliher","10159103609005329_10159105204215329"
"2019-07-10T00:11:05+0000","Andrea Ernst book shelf envyyyyyyyy","10159103609005329_10159104817265329"
"2019-07-10T23:47:21+0000","Courtney Swank","10159103609005329_10159107877830329"
"2019-07-10T19:57:50+0000","Jai Price","10159103609005329_10159107286845329"
"2019-07-10T18:07:45+0000","Jade Mirel Baloloy","10159103609005329_10159106995505329"
"2019-07-10T16:20:07+0000","Trey M Irwin","10159103609005329_10159106704420329"
"2019-07-10T11:27:18+0000","Christian","10159103609005329_10159106010885329"
"2019-07-10T10:49:10+0000","Natalie Ward","10159103609005329_10159105940345329"
"2019-07-10T10:38:01+0000","Rebecca Hatfield","10159103609005329_10159105917895329"
"2019-07-10T02:46:05+0000","Karly Christink","10159103609005329_10159105189560329"
"2019-07-10T01:17:51+0000","Charlotte Dougall","10159103609005329_10159104968795329"
"2019-07-10T00:36:10+0000","Rin Jabar","10159103609005329_10159104859440329"
"2019-07-12T05:54:47+0000","Clara Lindland","10159103609005329_10159111687490329"
"2019-07-10T12:38:30+0000","Jill Aranowski Flaminio","10159103609005329_10159106155645329"
"2019-07-09T23:47:17+0000","Cloudy Tam","10159103609005329_10159104763530329"
"2019-07-09T23:02:00+0000","Maja Ba","10159103609005329_10159104668160329"
"2019-07-09T22:55:39+0000","Jeff Norvell","10159103609005329_10159104646625329"
"2019-07-09T22:35:18+0000","Rebecca Bernard","10159103609005329_10159104597835329"
"2019-07-09T22:35:48+0000","Kingsley Webb this will definitely be you one day","10159103609005329_10159104598480329"
"2019-07-10T19:36:45+0000","Ian Sinnamon I want these book shelves","10159103609005329_10159107232475329"
"2019-07-10T13:52:36+0000","Stephanie Reese you need this it‚Äôs so cool","10159103609005329_10159106315100329"
"2019-07-10T21:53:28+0000","Kelsie Crumpton","10159103609005329_10159107614190329"
"2019-07-10T15:43:23+0000","Beatriz Martinez","10159103609005329_10159106594805329"
"2019-07-10T12:07:55+0000","Jiya Minocha","10159103609005329_10159106092775329"
"2019-07-10T08:31:35+0000","Ralph Custodio","10159103609005329_10159105739355329"
"2019-07-10T05:49:24+0000","Mariah Teerink","10159103609005329_10159105502780329"
"2019-07-10T03:20:22+0000","Mollie Egan","10159103609005329_10159105251455329"
"2019-07-09T23:44:47+0000","Amber Nicole","10159103609005329_10159104757390329"
"2019-07-09T22:52:58+0000","Reilly Lancaster","10159103609005329_10159104637115329"
"2019-07-09T22:40:42+0000","Esha Bawa","10159103609005329_10159104609910329"
"2019-07-10T13:52:53+0000","Maxwell Walters how to birthday present","10159103609005329_10159106316050329"
"2019-07-12T08:37:22+0000","John Vinson","10159103609005329_10159111896125329"
"2019-07-11T14:26:31+0000","Joyce Dunlop","10159103609005329_10159109432625329"
"2019-07-10T22:09:35+0000","Sarah Gibbs","10159103609005329_10159107654810329"
"2019-07-10T22:04:19+0000","Richard Oldfield","10159103609005329_10159107638215329"
"2019-07-10T21:30:25+0000","Josh Chubz","10159103609005329_10159107560810329"
"2019-07-10T15:37:32+0000","Vance","10159103609005329_10159106579815329"
"2019-07-10T07:25:54+0000","Nikki Bevan","10159103609005329_10159105651145329"
"2019-07-10T06:05:17+0000","James Edward","10159103609005329_10159105521115329"
"2019-07-10T04:57:47+0000","Sam Clements","10159103609005329_10159105402225329"
"2019-07-10T04:00:59+0000","Brunette TheStudio","10159103609005329_10159105324900329"
"2019-07-10T03:47:18+0000","Caitlin Barthold","10159103609005329_10159105304275329"
"2019-07-10T03:26:10+0000","Steef Leeuwen Van","10159103609005329_10159105261025329"
"2019-07-10T01:32:33+0000","Fou Saechao","10159103609005329_10159105003545329"
"2019-07-09T23:00:27+0000","Leah","10159103609005329_10159104663625329"
"2019-07-10T05:57:35+0000","Baby, same concept, but for my shoes üëÄ Fernando Zuniga","10159103609005329_10159105513205329"
"2019-07-09T23:58:49+0000","Ryan Jones... you should do something like this","10159103609005329_10159104787980329"
"2019-07-09T22:44:19+0000","Crystal Bagoon, maybe these would help?","10159103609005329_10159104617955329"
"2019-07-11T20:21:58+0000","Claire Kennett","10159103609005329_10159110490960329"
"2019-07-11T17:10:46+0000","Damien Steinbacher","10159103609005329_10159109921860329"
"2019-07-10T22:33:23+0000","Leslie Falls","10159103609005329_10159107710600329"
"2019-07-10T18:23:26+0000","Phyllis Casino Castaneda","10159103609005329_10159107035095329"
"2019-07-10T18:10:25+0000","Devin Ramsay","10159103609005329_10159107005535329"
"2019-07-10T17:00:22+0000","Jessica Epic Brown","10159103609005329_10159106835000329"
"2019-07-10T16:42:36+0000","Mathew Williams","10159103609005329_10159106773115329"
"2019-07-10T12:06:00+0000","Adam Foster","10159103609005329_10159106086685329"
"2019-07-10T10:48:36+0000","Bhriel","10159103609005329_10159105939425329"
"2019-07-10T08:47:00+0000","Dewi Kharisma Michellia","10159103609005329_10159105759310329"
"2019-07-10T07:39:13+0000","Linda M","10159103609005329_10159105674340329"
"2019-07-10T05:59:15+0000","Rebeca Rivas","10159103609005329_10159105515340329"
"2019-07-10T05:52:30+0000","Raquel Potter","10159103609005329_10159105505920329"
"2019-07-10T05:30:18+0000","Chris","10159103609005329_10159105470880329"
"2019-07-10T04:06:57+0000","Neria Mizrachi","10159103609005329_10159105332170329"
"2019-07-10T03:56:56+0000","Anna Lower","10159103609005329_10159105320575329"
"2019-07-10T02:48:23+0000","Brandin Bergner","10159103609005329_10159105194820329"
"2019-07-10T00:08:25+0000","Emma Taylor","10159103609005329_10159104808510329"
"2019-07-10T00:05:44+0000","Tony Gonzalez","10159103609005329_10159104803400329"
"2019-07-09T23:57:01+0000","Matt Siefker","10159103609005329_10159104784230329"
"2019-07-09T23:40:38+0000","Agnes Sohn","10159103609005329_10159104750320329"
"2019-07-09T23:28:59+0000","Dannie Gutierrez","10159103609005329_10159104725570329"
"2019-07-09T23:26:20+0000","T.j. Troia","10159103609005329_10159104719515329"
"2019-07-09T23:17:16+0000","Jamin Wieringa","10159103609005329_10159104699755329"
"2019-07-09T23:04:14+0000","Ilana Solomon","10159103609005329_10159104673595329"
"2019-07-09T23:02:27+0000","Rose Quiles","10159103609005329_10159104669655329"
"2019-07-09T22:53:33+0000","Bethany McDonald","10159103609005329_10159104640730329"
"2019-07-09T22:41:11+0000","Kate Wold","10159103609005329_10159104611590329"
"2019-07-10T12:14:09+0000","Michael Brian Ridenour Jr this is what I was telling you about!","10159103609005329_10159106106135329"
"2019-07-10T04:48:41+0000","Izzy Obenauer we need this","10159103609005329_10159105390905329"
"2019-07-10T15:31:57+0000","Matt Maranto would also be cool for movies","10159103609005329_10159106564925329"
"2019-07-09T23:57:37+0000","Richard Papa when I‚Äôm gone for a month","10159103609005329_10159104785910329"
"2019-07-11T13:50:27+0000","Sherydan Simson Sophy Simson Scot Kellie Simson","10159103609005329_10159109350455329"
"2019-07-10T05:56:56+0000","David Heard I want!!!","10159103609005329_10159105512080329"
"2019-07-09T22:34:34+0000","Gregory Joseph can you and your dad do this pls","10159103609005329_10159104596490329"
"2019-07-10T18:06:38+0000","Alex Hughes I‚Äôve found the solution to our book problem.","10159103609005329_10159106993585329"
"2019-07-09T23:37:57+0000","Yeah I love this so much Katie Boyd","10159103609005329_10159104744490329"
"2019-07-10T12:55:06+0000","Emma Chris this for the new house for me üòÇüòÇ","10159103609005329_10159106195420329"
"2019-07-10T00:06:29+0000","Erin O'Brien hello future project!","10159103609005329_10159104804370329"
"2019-07-10T09:37:53+0000","Kelvin Baulch she has ripped your idea off!","10159103609005329_10159105824970329"
"2019-07-10T12:28:54+0000","Caleb Burkes Laurel Cratsley","10159103609005329_10159106130550329"
"2019-07-10T17:40:30+0000","Colm√°in √ì Duineachdha we need to get building mate!!","10159103609005329_10159106932685329"
"2019-07-10T21:22:40+0000","Shari Ellen","10159103609005329_10159107538135329"
"2019-07-10T20:13:26+0000","Patrick Isacks","10159103609005329_10159107333145329"
"2019-07-10T18:35:02+0000","Camille Monnaie","10159103609005329_10159107068775329"
"2019-07-10T17:54:37+0000","Lee Braden","10159103609005329_10159106963360329"
"2019-07-10T15:57:57+0000","Giorgia Di Stefano","10159103609005329_10159106626700329"
"2019-07-10T13:21:07+0000","Chris Alive","10159103609005329_10159106246655329"
"2019-07-10T12:56:18+0000","Terry DiMaggio Zigante","10159103609005329_10159106199125329"
"2019-07-10T10:59:50+0000","Tricia Mayes","10159103609005329_10159105956550329"
"2019-07-10T10:06:47+0000","Cam Watson","10159103609005329_10159105870625329"
"2019-07-10T08:22:13+0000","Daniel Maguire","10159103609005329_10159105730625329"
"2019-07-10T06:05:47+0000","Hilda Palacios","10159103609005329_10159105521430329"
"2019-07-10T04:57:56+0000","JP Starks","10159103609005329_10159105402640329"
"2019-07-10T03:49:50+0000","David Sosa","10159103609005329_10159105309545329"
"2019-07-10T03:34:59+0000","Indibar Ghimire","10159103609005329_10159105282150329"
"2019-07-10T03:19:49+0000","Ayda Noor","10159103609005329_10159105250590329"
"2019-07-10T03:18:14+0000","Anuradha Rathore","10159103609005329_10159105248115329"
"2019-07-10T03:00:09+0000","Sarah Truee","10159103609005329_10159105218410329"
"2019-07-10T02:58:31+0000","Edrem Nava","10159103609005329_10159105214290329"
"2019-07-10T00:16:31+0000","Cassidy Jaimes","10159103609005329_10159104825610329"
"2019-07-10T00:14:00+0000","Luis Guadalupe","10159103609005329_10159104821555329"
"2019-07-10T00:01:19+0000","Alice Ralph","10159103609005329_10159104791735329"
"2019-07-09T23:38:47+0000","Kimberly Reyes-Diaz","10159103609005329_10159104746525329"
"2019-07-09T23:24:00+0000","Edward Otto","10159103609005329_10159104714225329"
"2019-07-09T23:20:58+0000","Chloe Coleman","10159103609005329_10159104707095329"
"2019-07-10T14:22:51+0000","OH MY GOD ü§§  I need thissss Austin Alt","10159103609005329_10159106393005329"
"2019-07-10T03:31:15+0000","Morgan Redd the shelves you want!!","10159103609005329_10159105270035329"
"2019-07-10T12:55:35+0000","Katherine Carroll This actually looks amazing!","10159103609005329_10159106196750329"
"2019-07-09T23:21:47+0000","Robin Campbell you think I have a book problem","10159103609005329_10159104709110329"
"2019-07-09T22:45:08+0000","Brandon Mcnama this is what I want","10159103609005329_10159104619910329"
"2019-07-10T03:04:08+0000","Rodolfo Solorio imaging all the pops","10159103609005329_10159105226085329"
"2019-07-10T01:09:01+0000","Shelly Greninger. You need to do this!","10159103609005329_10159104939995329"
"2019-07-09T22:56:39+0000","James Novati total goals","10159103609005329_10159104651160329"
"2019-07-10T02:36:45+0000","Jake McNaughton we should do this","10159103609005329_10159105173075329"
"2019-07-10T10:27:55+0000","Craig Eddie Jardine I should do this","10159103609005329_10159105902225329"
"2019-07-10T00:38:38+0000","Tanner Mote this is neat","10159103609005329_10159104864045329"
"2019-07-10T03:46:28+0000","Mikayla Schraut I WANTTTTTTT","10159103609005329_10159105302280329"
"2019-07-10T00:48:14+0000","For your collectibles Hector Saavedra","10159103609005329_10159104886815329"
"2019-07-09T23:37:17+0000","Shay Donaghey so cool!","10159103609005329_10159104742995329"
"2019-07-10T03:04:36+0000","Samantha dreamy üòç","10159103609005329_10159105226545329"
"2019-07-10T11:37:21+0000","Ethan Leach need","10159103609005329_10159106029705329"
"2019-07-10T10:22:11+0000","Kim Pelling my goals","10159103609005329_10159105894425329"
"2019-07-09T22:56:54+0000","Scott Palomino here‚Äôs an idea","10159103609005329_10159104651995329"
"2019-07-10T07:03:28+0000","Kayla Lauren make this for Lindsay Lawreck","10159103609005329_10159105616025329"
"2019-07-10T02:29:26+0000","Karen Athziri Estrada this is what I want","10159103609005329_10159105157445329"
"2019-07-10T04:28:54+0000","Ashley Sager Emma Murphy love thisssss","10159103609005329_10159105362330329"
"2019-07-10T06:35:46+0000","I need to do this Sophie Al Bustani","10159103609005329_10159105560575329"
"2019-07-10T03:20:34+0000","Sabrina Franco Jesse Franco good idea","10159103609005329_10159105251720329"
"2019-07-10T17:25:19+0000","Stephanie Appiah for you and Jay Jacoby :)","10159103609005329_10159106896300329"
"2019-07-10T00:03:48+0000","Jed Church amazinf","10159103609005329_10159104798755329"
"2019-07-10T02:04:30+0000","Ashton Hinkle while ur gone....","10159103609005329_10159105088270329"
"2019-07-10T08:19:26+0000","Jamie Michelle one day","10159103609005329_10159105728115329"
"2019-07-10T06:57:10+0000","Anna Grindley her name!","10159103609005329_10159105601220329"
"2019-07-10T10:27:14+0000","Laura Prendergast want","10159103609005329_10159105901465329"
"2019-07-09T23:23:21+0000","Athena Aidan Wainman-Riley goals üòç","10159103609005329_10159104712845329"
"2019-07-11T07:15:54+0000","Kavya Kartik Kalpana Kartik Kartik Suryanarayanan we need this","10159103609005329_10159108691670329"
"2019-07-10T05:53:22+0000","Angelica Ochoa Garciacano Dream shelving right there","10159103609005329_10159105506915329"
"2019-07-10T08:45:38+0000","Aaron Allen! Say yes!!!","10159103609005329_10159105757925329"
"2019-07-10T01:53:11+0000","Nick Hiney I want dis","10159103609005329_10159105054160329"
"2019-07-10T03:43:51+0000","Ate Glenne Sarcilla!!!!","10159103609005329_10159105298415329"
"2019-07-10T02:03:48+0000","This is us Theresa Marie Kurzawa","10159103609005329_10159105083825329"
"2019-07-09T22:40:23+0000","Philippa Sundquist more book space?","10159103609005329_10159104608485329"
"2019-07-10T05:36:20+0000","Hannah Banez goalzz","10159103609005329_10159105482750329"
"2019-07-10T03:55:14+0000","David yes","10159103609005329_10159105318260329"
"2019-07-12T06:46:43+0000","Anastasia Guseva goals üòç","10159103609005329_10159111763610329"
"2019-07-09T22:42:46+0000","Matt Gielen omg ü•∞ü•∞ü•∞","10159103609005329_10159104614450329"
"2019-07-10T01:25:12+0000","Emily Chan hnnnggg","10159103609005329_10159104986505329"
"2019-07-10T14:25:05+0000","Melissa Huelbig when we get a house","10159103609005329_10159106398075329"
"2019-07-10T11:24:50+0000","Gabrielle Wolf-Stahl Wow!","10159103609005329_10159106006185329"
"2019-07-10T07:31:23+0000","Julie Martin xx","10159103609005329_10159105663040329"
"2019-07-11T04:15:19+0000","Mel Paddock OMFG","10159103609005329_10159108457885329"
"2019-07-09T23:06:39+0000","Ooo Maygun Low","10159103609005329_10159104679295329"
"2019-07-09T22:41:02+0000","Evan Michael Wells future","10159103609005329_10159104611275329"
"2019-07-10T12:06:49+0000","Anthony Ford please","10159103609005329_10159106088755329"
"2019-07-10T07:05:35+0000","Laura Banks x","10159103609005329_10159105621385329"
"2019-07-09T23:38:12+0000","Jade Blair u","10159103609005329_10159104745145329"
"2019-07-10T10:24:20+0000","William Mishler WANT","10159103609005329_10159105897390329"
"2019-07-10T04:07:07+0000","Ruben Gutierrez Jr. <3","10159103609005329_10159105332335329"
"2019-07-09T22:46:43+0000","Samantha Gardecki babe!","10159103609005329_10159104624745329"
"2019-07-10T05:08:48+0000","Bhushan Muthiyan Ruchita Muthiyan someday!","10159103609005329_10159105430210329"
"2019-07-09T23:21:01+0000","Do you like her idea? Matthew Josef Bozich","10159103609005329_10159104707250329"